semana,estagio,formato,publico,hook,corpo,cta,sugestao_visual,hipotese,impressoes,cliques,ctr,cpl,leads
1,Awareness,Post organico (perfil Yan),Frio - crédito privado BR,"Você monitora mais de 100 emissores no Excel. O rebaixamento aparece no home broker antes de aparecer na sua planilha.","Rotina do analista de crédito: CVM, ANBIMA, ratings, imprensa, na mão. Não escala para mais de 100 emissores. Ponto sobre velocidade de sinal e custo de perder o evento.",Comentar / receber newsletter,Print do painel com evento CRÍTICO ranqueado,Hook de dor especifica engaja mais que hook institucional,,,,,
2,Awareness,Thought Leader Ad (melhor post sem 1),Frio - Skill Fixed Income/Credit Risk + Manager+,"O default não manda aviso prévio. O spread, sim.","Explica EWS: o score sobe antes da manchete. Sinal com contexto de setor e rating, verificado antes de publicar.",Receber boletim semanal,Gráfico simples de EWS subindo antes de evento,TLA supera single image em CTR para publico frio,,,,,
2,Awareness,Single Image,Frio - Investment Management BR,"103 emissores. 13 setores. Um score de 0 a 100 que separa o que move preço do que é ruido.","Número de impacto + promessa de filtro de materialidade. Awareness barato.",Saiba mais / newsletter,Número grande '103' sobre fundo sóbrio,Numero de impacto gera awareness a CPM baixo,,,,,
3,Consideracao,Document Ad + Lead Gen Form,Morno - retargeting engajou sem 1-2,"5 sinais de deterioração de crédito privado que aparecem antes do rebaixamento.","PDF educativo com framework de leitura de risco. Prova de método sem vender o painel direto.",Baixar o material,Capa de PDF com 5 sinais listados,Material educativo converte lead de meio 2-3x vs landing,,,,,
4,Consideracao,Carrossel,Morno - retargeting site + lookalike,"Como classificamos um evento de crédito em CRÍTICO, RELEVANTE, ECO ou RUÍDO.","Carrossel explicando a taxonomia de materialidade com exemplo real e público de evento.",Baixar relatório de emissor,10 cards 1:1 mostrando a escala de materialidade,Carrossel de metodo aumenta credibilidade e leads,,,,,
5,Consideracao,Document Ad + Lead Gen Form,Morno - Skill Credit Risk + Director+,"Um recorte real: os eventos de crédito mais materiais da última semana.","Trecho anonimizado de briefing executivo como isca. Mostra o produto sem paywall.",Receber o briefing semanal,Trecho de briefing com ranking de materialidade,Amostra de produto real supera copy generico,,,,,
6,Conversao,Conversation/Message Ad,Quente - retargeting alta intencao,"Você já leu nossos alertas. Quer ver os 103 emissores no seu painel?","Convite direto para solicitar acesso. Preço transparente (R$ 119 Essencial).",Solicitar acesso,Sem imagem (mensagem),Publico quente converte melhor com convite direto e preco,,,,,
7,Conversao,Single Image (produto+preco),Quente - retargeting + ABM contas nomeadas,"Cobertura de crédito privado profissional por R$ 119/mês. Sem terminal caro.","Produto + preço + diferencial (verificação adversarial, Lei Zero). Fundo de funil.",Solicitar acesso / falar com o time,Painel real com selo de preço,Preco como arma vs terminal caro fecha o publico quente,,,,,
8,Conversao,Thought Leader Ad (caso/depoimento),Quente - ABM tesourarias e family offices,"Como uma tesouraria sem Bloomberg passou a cobrir 103 emissores.","Caso âncora (enquadramento público/autorizado), foco em job-to-be-done resolvido.",Falar com o time,"Foto candid / bastidor, não estúdio",Prova social de par (family office) fecha ABM,,,,,
